AV1051|JBL Bluetooth Speaker|89.95|accessory
AV1312|Mini 1000 Lumens Projector|149.95|lights
AV1412|XLR Podcast Cardiod Mic|44.99|mics
CP2012|Desktop PC Computer Intel Core i5|139.00|PCs
CP2123|Wired Backlit Keyboard|21.99|keyboards
CP2154|RGB Wireless Gaming Mouse|67.45|mouses
GM1032|Telestrations Board Game|17.99|games
GM1075|Battleship Board Game|12.99|games
GM1148|Retro Handheld Arcade|24.45|arcades
PW1255|USB C to A Cable|13.95|cables
PW1341|Solar Powered Battery Charger|19.99|chargers
PW1431|Wireless Charger iPhone|12.99|chargers